feature,importance
review_count,0.6949608556213837
average_stars,0.04321324173074694
friend_count,0.26182590264786937
