label,prediction
0.0,0.02722518129248161
0.0,0.04476722855688835
0.0,0.04476722855688835
0.0,0.03902618304190311
0.0,0.03311322936048622
0.0,0.03163455940229431
0.0,0.03364430688286284
0.0,0.03264752616506538
0.0,0.04195412979341975
0.0,0.043097989149353984
0.0,0.043097989149353984
0.0,0.043097989149353984
0.0,0.0458851125386278
0.0,0.0458851125386278
0.0,0.06719990583149936
0.0,0.06363487701988231
0.0,0.5053924535199321
1.0,0.054908118044452205
0.0,1.7310136920012489
0.0,0.11316526067728891
